I have never had sexual intercourse,44.18604651162791
Summer after senior year or gap year,17.441860465116278
12th grade,17.441860465116278
10th grade,10.465116279069768
11th grade,9.30232558139535
Middle school,1.1627906976744187
